ababkababbab/Beginner,Abab Kababbab,2,1493912,1886566
ababkababbab/Easy,Abab Kababbab,8,1493722,1886090
ababkababbab/Hard,Abab Kababbab,14,1496380,1892736
ababkababbab/Normal,Abab Kababbab,11,1494248,1887406
ababkababbab/UNBEATABLE,Abab Kababbab,20,1498004,1896795
AFTERBURN/Beginner,Afterburn,1,1487365,1870198
AFTERBURN/Easy,Afterburn,6,1459758,1801182
AFTERBURN/Hard,Afterburn,13,1469733,1826119
AFTERBURN/Normal,Afterburn,9,1464932,1814116
AFTERBURN/Star,Afterburn,20,1477652,1845916
AFTERBURN/UNBEATABLE,Afterburn,17,1477439,1845383
AFTERBURNER/Beginner,AFTERBURNER,4,1491071,1879464
AFTERBURNER/Easy,AFTERBURNER,8,1478605,1848299
AFTERBURNER/Hard,AFTERBURNER,16,1480250,1852411
AFTERBURNER/Normal,AFTERBURNER,11,1488941,1874139
AFTERBURNER/Star,AFTERBURNER,25,1480720,1853587
AFTERBURNER/UNBEATABLE,AFTERBURNER,22,1486139,1867135
ALTERNATIVE POLICING STRATEGY ARCADE/Beginner,ALTERNATIVE POLICING STRATEGY,3,1466517,1818080
ALTERNATIVE POLICING STRATEGY ARCADE/Easy,ALTERNATIVE POLICING STRATEGY,7,1482531,1858113
ALTERNATIVE POLICING STRATEGY ARCADE/Hard,ALTERNATIVE POLICING STRATEGY,14,1483981,1861740
ALTERNATIVE POLICING STRATEGY ARCADE/Normal,ALTERNATIVE POLICING STRATEGY,10,1467621,1820839
ALTERNATIVE POLICING STRATEGY ARCADE/UNBEATABLE,ALTERNATIVE POLICING STRATEGY,20,1474168,1837207
apb/Beginner,APB,7,1490501,1878039
apb/Easy,APB,10,1484605,1863300
apb/Hard,APB,14,1486702,1868540
apb/Normal,APB,12,1487365,1870198
apb/Star,APB,22,1472543,1833143
apb/UNBEATABLE,APB,18,1480980,1854237
Ball Is Infinite/Beginner,Ball is Infinite,3,1484243,1862395
Ball Is Infinite/Easy,Ball is Infinite,8,1488354,1872670
Ball Is Infinite/Hard,Ball is Infinite,13,1496262,1892441
Ball Is Infinite/Normal,Ball is Infinite,11,1498237,1897380
Ball Is Infinite/UNBEATABLE,Ball is Infinite,18,1497473,1895468
BANG/Beginner,BANG,5,1478628,1848356
BANG/Easy,BANG,7,1472744,1833646
BANG/Hard,BANG,14,1463969,1811709
BANG/Normal,BANG,10,1476679,1843483
BANG/Star,BANG,23,1473716,1836075
BANG/UNBEATABLE,BANG,18,1464088,1812005
beat v rest pt 2 ac/Beginner,REST VS. BEAT,5,1497473,1895468
beat v rest pt 2 ac/Easy,REST VS. BEAT,9,1495328,1890105
beat v rest pt 2 ac/Hard,REST VS. BEAT,16,1480182,1852241
beat v rest pt 2 ac/Normal,REST VS. BEAT,12,1493571,1885714
beat v rest pt 2 ac/UNBEATABLE,REST VS. BEAT,23,1478354,1847673
Beyond The Heart/Beginner,Beyond the Heart (Broken Heart Mix),2,1499999,1901785
Beyond The Heart/Easy,Beyond the Heart (Broken Heart Mix),5,1481017,1854330
Beyond The Heart/Hard,Beyond the Heart (Broken Heart Mix),12,1490275,1877475
Beyond The Heart/Normal,Beyond the Heart (Broken Heart Mix),9,1497307,1895055
Beyond The Heart/UNBEATABLE,Beyond the Heart (Broken Heart Mix),14,1481416,1855327
binary reasoning/Beginner,binary reasoning,3,1492694,1883522
binary reasoning/Easy,binary reasoning,7,1474662,1838441
binary reasoning/Hard,binary reasoning,14,1457423,1795343
binary reasoning/Normal,binary reasoning,10,1471711,1831064
binary reasoning/UNBEATABLE,binary reasoning,18,1461683,1805995
birdbrain/Beginner,BIRDBRAIN (ft. Kasane Teto),3,1499999,1901785
birdbrain/Easy,BIRDBRAIN (ft. Kasane Teto),7,1494804,1888796
birdbrain/Hard,BIRDBRAIN (ft. Kasane Teto),13,1480117,1852078
birdbrain/Normal,BIRDBRAIN (ft. Kasane Teto),10,1488769,1873708
birdbrain/UNBEATABLE,BIRDBRAIN (ft. Kasane Teto),17,1457788,1796256
BLANK PAGE/Beginner,Blank Page,4,1496452,1892916
BLANK PAGE/Easy,Blank Page,9,1497839,1896385
BLANK PAGE/Hard,Blank Page,15,1498268,1897456
BLANK PAGE/Normal,Blank Page,12,1497496,1895527
BLANK PAGE/Star,Blank Page,19,1498922,1899092
BLANK PAGE/UNBEATABLE,Blank Page,16,1500000,1901785
BookendSong AC/Beginner,BOOKEND SONG,5,1494508,1888057
BookendSong AC/Easy,BOOKEND SONG,10,1491722,1881092
BookendSong AC/Hard,BOOKEND SONG,17,1486435,1867874
BookendSong AC/Normal,BOOKEND SONG,13,1491120,1879587
BookendSong AC/UNBEATABLE,BOOKEND SONG,23,1479285,1850000
BookendSongOpeningVer/Beginner,BOOKEND SONG -Opening Ver.-,2,1492951,1884163
BookendSongOpeningVer/Easy,BOOKEND SONG -Opening Ver.-,5,1491071,1879464
BookendSongOpeningVer/Hard,BOOKEND SONG -Opening Ver.-,10,1491071,1879464
BookendSongOpeningVer/Normal,BOOKEND SONG -Opening Ver.-,7,1498356,1897677
BookendSongOpeningVer/UNBEATABLE,BOOKEND SONG -Opening Ver.-,12,1491596,1880777
c2_dream1/Beginner,HELD_UP,2,1493042,1884392
c2_dream1/Easy,HELD_UP,6,1492273,1882469
c2_dream1/Hard,HELD_UP,11,1489155,1874674
c2_dream1/Normal,HELD_UP,9,1491414,1880322
c2_dream1/UNBEATABLE,HELD_UP,12,1484871,1863965
c2_dream2/Beginner,DEAD_SUMMER,2,1488354,1872670
c2_dream2/Easy,DEAD_SUMMER,5,1489140,1874638
c2_dream2/Hard,DEAD_SUMMER,10,1478427,1847854
c2_dream2/Normal,DEAD_SUMMER,8,1488839,1873883
c2_dream2/UNBEATABLE,DEAD_SUMMER,12,1478571,1848214
c2_dream3/Beginner,DE_TASSEL,2,1488839,1873883
c2_dream3/Easy,DE_TASSEL,4,1495460,1890435
c2_dream3/Hard,DE_TASSEL,9,1491145,1879648
c2_dream3/Normal,DE_TASSEL,7,1493466,1885452
c2_dream3/UNBEATABLE,DE_TASSEL,12,1486224,1867346
ch4_dream1/Beginner,OLD_FEELING,3,1495039,1889384
ch4_dream1/Easy,OLD_FEELING,7,1486192,1867268
ch4_dream1/Hard,OLD_FEELING,11,1474849,1838908
ch4_dream1/Normal,OLD_FEELING,9,1476012,1841817
ch4_dream1/UNBEATABLE,OLD_FEELING,15,1479464,1850446
ch4_dream2/Beginner,NEW_FORM,4,1488682,1873490
ch4_dream2/Easy,NEW_FORM,7,1482798,1858781
ch4_dream2/Hard,NEW_FORM,12,1476851,1843915
ch4_dream2/Normal,NEW_FORM,10,1475477,1840480
ch4_dream2/UNBEATABLE,NEW_FORM,17,1474371,1837714
COOL FINAL/Beginner,cool_final2-actualfinal,5,1499999,1901785
COOL FINAL/Easy,cool_final2-actualfinal,8,1494227,1887353
COOL FINAL/Hard,cool_final2-actualfinal,14,1488290,1872511
COOL FINAL/Normal,cool_final2-actualfinal,10,1487295,1870024
COOL FINAL/UNBEATABLE,cool_final2-actualfinal,19,1474926,1839102
Cop Trauma/Beginner,Cop Trauma,3,1500000,1901785
Cop Trauma/Easy,Cop Trauma,7,1500000,1901785
Cop Trauma/Hard,Cop Trauma,13,1499999,1901785
Cop Trauma/Normal,Cop Trauma,10,1499999,1901785
Cop Trauma/UNBEATABLE,Cop Trauma,17,1500000,1901785
Cosmic Starter/Beginner,Cosmic Starter,2,1485389,1865259
Cosmic Starter/Easy,Cosmic Starter,7,1494606,1888303
Cosmic Starter/Hard,Cosmic Starter,13,1485119,1864583
Cosmic Starter/Normal,Cosmic Starter,10,1488650,1873411
Cosmic Starter/UNBEATABLE,Cosmic Starter,20,1480906,1854051
Cryogenic/Beginner,Cryogenic,5,1464923,1814094
Cryogenic/Easy,Cryogenic,9,1447684,1770996
Cryogenic/Hard,Cryogenic,15,1435557,1740679
Cryogenic/Normal,Cryogenic,12,1443693,1761019
Cryogenic/UNBEATABLE,Cryogenic,20,1443443,1760394
Dear Diary/Beginner,Dear Diary,2,1472913,1834069
Dear Diary/Easy,Dear Diary,5,1473910,1836560
Dear Diary/Hard,Dear Diary,11,1483311,1860063
Dear Diary/Normal,Dear Diary,8,1472364,1832695
Dear Diary/UNBEATABLE,Dear Diary,14,1469334,1825121
DIALTONE AC/Beginner,DIALTONE,2,1500000,1901785
DIALTONE AC/Easy,DIALTONE,8,1493194,1884771
DIALTONE AC/Hard,DIALTONE,15,1475569,1840710
DIALTONE AC/Normal,DIALTONE,12,1477678,1845982
DIALTONE AC/UNBEATABLE,DIALTONE,19,1475833,1841369
Disco Disaster/Beginner,Disco Disaster,4,1491130,1879612
Disco Disaster/Easy,Disco Disaster,7,1488839,1873883
Disco Disaster/Hard,Disco Disaster,12,1486764,1868697
Disco Disaster/Normal,Disco Disaster,9,1490699,1878534
Disco Disaster/UNBEATABLE,Disco Disaster,17,1485668,1865956
DO NO HARM/Beginner,Do No Harm (Atrial Mix),3,1486049,1866908
DO NO HARM/Easy,Do No Harm (Atrial Mix),8,1487416,1870326
DO NO HARM/Hard,Do No Harm (Atrial Mix),13,1455480,1790487
DO NO HARM/Normal,Do No Harm (Atrial Mix),11,1461890,1806511
DO NO HARM/UNBEATABLE,Do No Harm (Atrial Mix),16,1467422,1820342
Done In Love Full/Beginner,Done in Love (Full Version),1,1452944,1784145
Done In Love Full/Easy,Done in Love (Full Version),5,1468220,1822336
Done In Love Full/Hard,Done in Love (Full Version),11,1463624,1810846
Done In Love Full/Normal,Done in Love (Full Version),8,1458713,1798570
Done In Love Full/Star,Done in Love (Full Version),20,1459288,1800007
Done In Love Full/UNBEATABLE,Done in Love (Full Version),19,1464130,1812111
DRASTIC HAMMER AC/Beginner,DRASTIC HAMMER,3,1494047,1886904
DRASTIC HAMMER AC/Easy,DRASTIC HAMMER,6,1485564,1865697
DRASTIC HAMMER AC/Hard,DRASTIC HAMMER,11,1489529,1875610
DRASTIC HAMMER AC/Normal,DRASTIC HAMMER,9,1492981,1884240
DRASTIC HAMMER AC/UNBEATABLE,DRASTIC HAMMER,13,1489067,1874453
dream diary/Beginner,DREAM DIARY,2,1494477,1887978
dream diary/Easy,DREAM DIARY,7,1484335,1862625
dream diary/Hard,DREAM DIARY,13,1472888,1834008
dream diary/Normal,DREAM DIARY,10,1470622,1828340
dream diary/UNBEATABLE,DREAM DIARY,18,1473821,1836339
dreamfade/Beginner,Call_Home,1,1489697,1876030
dreamfade/Easy,Call_Home,5,1482142,1857142
dreamfade/Hard,Call_Home,10,1486795,1868775
dreamfade/Normal,Call_Home,7,1484056,1861926
dreamfade/UNBEATABLE,Call_Home,12,1483992,1861767
Eating Is Living/Beginner,Eating is Living,4,1496811,1893813
Eating Is Living/Easy,Eating is Living,6,1496672,1893467
Eating Is Living/Hard,Eating is Living,11,1492004,1881796
Eating Is Living/Normal,Eating is Living,8,1491591,1880765
Eating Is Living/Star,Eating is Living,21,1489671,1875964
Eating Is Living/UNBEATABLE,Eating is Living,14,1492163,1882195
ebichahan/Beginner,エビチャーハン! (QUAVER VERSION),4,1469308,1825055
ebichahan/Easy,エビチャーハン! (QUAVER VERSION),9,1484504,1863046
ebichahan/Hard,エビチャーハン! (QUAVER VERSION),14,1463525,1810600
ebichahan/Normal,EBICHAHAN SHRIMP (Quaver Edit),11,1463392,1810267
ebichahan/UNBEATABLE,エビチャーハン! (QUAVER VERSION),20,1456493,1793019
EMPTY DIARY DANTE/Beginner,Empty Diary - (SoundCirclet RMX),4,1498030,1896861
EMPTY DIARY DANTE/Easy,Empty Diary - (SoundCirclet RMX),5,1485521,1865588
EMPTY DIARY DANTE/Hard,Empty Diary - (SoundCirclet RMX),11,1476050,1841911
EMPTY DIARY DANTE/Normal,Empty Diary - (SoundCirclet RMX),10,1476050,1841911
EMPTY DIARY DANTE/Star,Empty Diary - (SoundCirclet RMX),21,1483204,1859797
EMPTY DIARY DANTE/UNBEATABLE,Empty Diary - (SoundCirclet RMX),16,1474078,1836981
EMPTY DIARY/Beginner,Empty Diary,1,1500000,1901785
EMPTY DIARY/Easy,Empty Diary,4,1483820,1861337
EMPTY DIARY/Hard,Empty Diary,10,1468446,1822901
EMPTY DIARY/Normal,Empty Diary,8,1476946,1844152
EMPTY DIARY/UNBEATABLE,Empty Diary,14,1467159,1819683
Familiar - Brandon Liew Remix/Beginner,Familiar (Brandon Liew Remix),4,1494570,1888211
Familiar - Brandon Liew Remix/Easy,Familiar (Brandon Liew Remix),7,1494419,1887834
Familiar - Brandon Liew Remix/Hard,Familiar (Brandon Liew Remix),14,1492742,1883642
Familiar - Brandon Liew Remix/Normal,Familiar (Brandon Liew Remix),11,1493600,1885787
Familiar - Brandon Liew Remix/Star,Familiar (Brandon Liew Remix),23,1494075,1886975
Familiar - Brandon Liew Remix/UNBEATABLE,Familiar (Brandon Liew Remix),20,1494300,1887538
Familiar Acoustic/Beginner,Familiar (Acoustic),4,1494419,1887834
Familiar Acoustic/Easy,Familiar (Acoustic),6,1473214,1834821
Familiar Acoustic/Hard,Familiar (Acoustic),10,1469885,1826500
Familiar Acoustic/Normal,Familiar (Acoustic),8,1469023,1824343
Familiar Acoustic/UNBEATABLE,Familiar (Acoustic),13,1477396,1845275
Familiar Live/Beginner,Familiar (Live),1,1499999,1901785
Familiar Live/Easy,Familiar (Live),5,1491758,1881181
Familiar Live/Hard,Familiar (Live),11,1484454,1862922
Familiar Live/Normal,Familiar (Live),8,1493386,1885251
Familiar Live/UNBEATABLE,Familiar (Live),15,1478942,1849140
Familiar/Beginner,Familiar,3,1482902,1859042
Familiar/Easy,Familiar,4,1491359,1880184
Familiar/Hard,Familiar,11,1492988,1884255
Familiar/Normal,Familiar,7,1485119,1864583
Familiar/Tutorial,Familiar,1,1484426,1862852
Familiar/UNBEATABLE,Familiar,12,1466046,1816901
Forever Now - DOG_NOISE Remix/Beginner,Forever Now - (DOG NOISE REMIX),5,1498478,1897980
Forever Now - DOG_NOISE Remix/Easy,Forever Now - (DOG NOISE REMIX),7,1497307,1895055
Forever Now - DOG_NOISE Remix/Hard,Forever Now - (DOG NOISE REMIX),11,1478354,1847673
Forever Now - DOG_NOISE Remix/Normal,Forever Now - (DOG NOISE REMIX),9,1484139,1862135
Forever Now - DOG_NOISE Remix/Star,Forever Now - (DOG NOISE REMIX),24,1497769,1896210
Forever Now - DOG_NOISE Remix/UNBEATABLE,Forever Now - (DOG NOISE REMIX),17,1440980,1754237
FOREVER NOW/Beginner,Forever Now,1,1489930,1876611
FOREVER NOW/Easy,Forever Now,6,1496609,1893309
FOREVER NOW/Hard,Forever Now,11,1488721,1873590
FOREVER NOW/Normal,Forever Now,10,1488161,1872188
FOREVER NOW/Star,Forever Now,19,1458739,1798633
FOREVER NOW/UNBEATABLE,Forever Now,15,1473676,1835977
FOREVER WHEN/Beginner,Forever When,3,1487483,1870494
FOREVER WHEN/Easy,Forever When,7,1486101,1867040
FOREVER WHEN/Hard,Forever When,12,1485866,1866452
FOREVER WHEN/Normal,Forever When,11,1476001,1841788
FOREVER WHEN/UNBEATABLE,Forever When,19,1488054,1871921
forgetter/Beginner,FORGETTER,1,1493303,1885044
forgetter/Easy,FORGETTER,4,1495421,1890338
forgetter/Hard,FORGETTER,9,1493413,1885319
forgetter/Normal,FORGETTER,7,1496279,1892485
forgetter/UNBEATABLE,FORGETTER,13,1490485,1878000
FORWARD OPERATING BASS/Beginner,FORWARD OPERATING BASS,3,1467149,1819659
FORWARD OPERATING BASS/Easy,FORWARD OPERATING BASS,9,1447704,1771045
FORWARD OPERATING BASS/Hard,FORWARD OPERATING BASS,15,1449573,1775719
FORWARD OPERATING BASS/Normal,FORWARD OPERATING BASS,12,1452820,1783837
FORWARD OPERATING BASS/UNBEATABLE,FORWARD OPERATING BASS,22,1449933,1776618
Future People/Beginner,Future People,2,1499999,1901785
Future People/Easy,Future People,7,1489625,1875848
Future People/Hard,Future People,13,1485728,1866108
Future People/Normal,Future People,9,1476553,1843169
Future People/UNBEATABLE,Future People,14,1472330,1832611
GO FIGURE/Beginner,GO FIGURE,4,1465805,1816299
GO FIGURE/Easy,GO FIGURE,8,1487541,1870639
GO FIGURE/Hard,GO FIGURE,13,1457534,1795622
GO FIGURE/Normal,GO FIGURE,10,1474315,1837573
GO FIGURE/Star,GO FIGURE,21,1471590,1830762
GO FIGURE/UNBEATABLE,GO FIGURE,17,1456693,1793520
goin crazy/Beginner,goin' crazy,4,1495159,1889683
goin crazy/Easy,goin' crazy,8,1492096,1882025
goin crazy/Hard,goin' crazy,13,1490510,1878062
goin crazy/Normal,goin' crazy,10,1491515,1880575
goin crazy/UNBEATABLE,goin' crazy,19,1490742,1878641
HARM ASSAULT AC/Beginner,HARM ASSAULT,4,1469184,1824747
HARM ASSAULT AC/Easy,HARM ASSAULT,8,1478888,1849005
HARM ASSAULT AC/Hard,HARM ASSAULT,13,1466947,1819153
HARM ASSAULT AC/Normal,HARM ASSAULT,10,1460212,1802316
HARM ASSAULT AC/UNBEATABLE,HARM ASSAULT,20,1460017,1801828
hotelroom215/Beginner,Hotel Room 215 (feat. Tenchio and Postergirlxoxo),4,1480010,1851812
hotelroom215/Easy,Hotel Room 215 (feat. Tenchio and Postergirlxoxo),7,1486997,1869278
hotelroom215/Hard,Hotel Room 215 (feat. Tenchio and Postergirlxoxo),12,1471438,1830382
hotelroom215/Normal,Hotel Room 215 (feat. Tenchio and Postergirlxoxo),10,1467532,1820616
hotelroom215/Star,Hotel Room 215 (feat. Tenchio and Postergirlxoxo),20,1442243,1757394
hotelroom215/UNBEATABLE,Hotel Room 215 (feat. Tenchio and Postergirlxoxo),17,1464826,1813852
i wish i could fall/Beginner,I Wish That I Could Fall (peak divide arrange),4,1488095,1872023
i wish i could fall/Easy,I Wish That I Could Fall (peak divide arrange),9,1469774,1826222
i wish i could fall/Hard,I Wish That I Could Fall (peak divide arrange),15,1461864,1806446
i wish i could fall/Normal,I Wish That I Could Fall (peak divide arrange),13,1472754,1833672
i wish i could fall/Star,I Wish That I Could Fall (peak divide arrange),24,1466141,1817139
i wish i could fall/UNBEATABLE,I Wish That I Could Fall (peak divide arrange),19,1465406,1815302
Infinity Chase AC/Beginner,Infinity Chase,4,1471968,1831706
Infinity Chase AC/Easy,Infinity Chase,9,1462465,1807950
Infinity Chase AC/Hard,Infinity Chase,15,1461049,1804410
Infinity Chase AC/Normal,Infinity Chase,12,1459954,1801673
Infinity Chase AC/UNBEATABLE,Infinity Chase,22,1465014,1814322
IT'S TIME TO DO CRIMES/Beginner,IT'S TIME TO CRIME,4,1499999,1901785
IT'S TIME TO DO CRIMES/Easy,IT'S TIME TO CRIME,8,1493303,1885044
IT'S TIME TO DO CRIMES/Hard,IT'S TIME TO CRIME,15,1491732,1881117
IT'S TIME TO DO CRIMES/Normal,IT'S TIME TO CRIME,12,1487664,1870946
IT'S TIME TO DO CRIMES/UNBEATABLE,IT'S TIME TO CRIME,20,1492648,1883407
It's Whacktime/Beginner,It's WhackTime!,3,1500000,1901785
It's Whacktime/Easy,It's WhackTime!,6,1485322,1865092
It's Whacktime/Hard,It's WhackTime!,12,1487163,1869694
It's Whacktime/Normal,It's WhackTime!,9,1489391,1875265
It's Whacktime/UNBEATABLE,It's WhackTime!,18,1486826,1868852
K Moe/Beginner,K.Moe (VIP),4,1497373,1895220
K Moe/Easy,K.Moe (VIP),7,1485687,1866003
K Moe/Hard,K.Moe (VIP),13,1488730,1873612
K Moe/Normal,K.Moe (VIP),9,1488182,1872242
K Moe/Star,K.Moe (VIP),22,1473977,1836728
K Moe/UNBEATABLE,K.Moe (VIP),16,1488728,1873607
lessthan3/Beginner,<3,3,1500000,1901785
lessthan3/Easy,<3,6,1493865,1886450
lessthan3/Hard,<3,11,1499999,1901785
lessthan3/Normal,<3,9,1496021,1891840
lessthan3/UNBEATABLE,<3,15,1490413,1877819
little secret/Beginner,Little Secret,2,1491783,1881244
little secret/Easy,Little Secret,6,1491847,1881405
little secret/Hard,Little Secret,11,1490208,1877307
little secret/Normal,Little Secret,9,1491974,1881721
little secret/UNBEATABLE,Little Secret,14,1486024,1866847
Loner Live/Beginner,LONER (live),3,1500000,1901785
Loner Live/Easy,LONER (live),6,1477300,1845036
Loner Live/Hard,LONER (live),11,1455057,1789429
Loner Live/Normal,LONER (live),8,1489346,1875152
Loner Live/UNBEATABLE,LONER (live),15,1464139,1812134
LONER/Beginner,Loner,2,1500000,1901785
LONER/Easy,Loner,6,1495300,1890037
LONER/Hard,Loner,11,1488354,1872670
LONER/Normal,Loner,8,1483574,1860722
LONER/UNBEATABLE,Loner,14,1483674,1860972
LOW PITCH/Beginner,LOW PITCH,2,1499999,1901785
LOW PITCH/Easy,LOW PITCH,8,1484592,1863266
LOW PITCH/Hard,LOW PITCH,13,1487098,1869532
LOW PITCH/Normal,LOW PITCH,10,1481901,1856539
LOW PITCH/UNBEATABLE,LOW PITCH,17,1485624,1865847
Low/Beginner,Low (NSR Ending Theme),5,1498619,1898333
Low/Easy,Low (NSR Ending Theme),9,1496532,1893117
Low/Hard,Low (NSR Ending Theme),14,1487975,1871724
Low/Normal,Low (NSR Ending Theme),11,1487899,1871534
Low/Star,Low (NSR Ending Theme),19,1474682,1838492
Low/UNBEATABLE,Low (NSR Ending Theme),17,1478452,1847917
machine love/Beginner,Machine Love,3,1487091,1869513
machine love/Easy,Machine Love,8,1481357,1855180
machine love/Hard,Machine Love,13,1474993,1839269
machine love/Normal,Machine Love,10,1479338,1850132
machine love/UNBEATABLE,Machine Love,15,1468554,1823171
Malapropism/Beginner,MALAPROPISM,2,1499999,1901785
Malapropism/Easy,MALAPROPISM,6,1488095,1872023
Malapropism/Hard,MALAPROPISM,12,1495085,1889498
Malapropism/Normal,MALAPROPISM,9,1500000,1901785
Malapropism/UNBEATABLE,MALAPROPISM,14,1460956,1804176
MEMORIZED/Beginner,MEMORIZED,3,1493622,1885841
MEMORIZED/Easy,MEMORIZED,7,1489648,1875905
MEMORIZED/Hard,MEMORIZED,12,1483017,1859329
MEMORIZED/Normal,MEMORIZED,10,1483441,1860389
MEMORIZED/UNBEATABLE,MEMORIZED,15,1482257,1857428
MIC CHECK/Beginner,MIC CHECK,3,1490996,1879276
MIC CHECK/Easy,MIC CHECK,7,1479656,1850926
MIC CHECK/Hard,MIC CHECK,13,1476609,1843309
MIC CHECK/Normal,MIC CHECK,10,1480425,1852850
MIC CHECK/UNBEATABLE,MIC CHECK,19,1472800,1833786
Mirror - Kamome Sano Remix/Beginner,Mirror - Kamome Sano Remix,4,1481840,1856386
Mirror - Kamome Sano Remix/Easy,Mirror - Kamome Sano Remix,9,1483345,1860149
Mirror - Kamome Sano Remix/Hard,Mirror - Kamome Sano Remix,13,1470238,1827381
Mirror - Kamome Sano Remix/Normal,Mirror - Kamome Sano Remix,11,1467604,1820796
Mirror - Kamome Sano Remix/UNBEATABLE,Mirror - Kamome Sano Remix,21,1461295,1805025
Mirror/Beginner,Mirror,2,1500000,1901785
Mirror/Easy,Mirror,8,1489042,1874391
Mirror/Hard,Mirror,11,1476265,1842450
Mirror/Normal,Mirror,9,1485632,1865866
Mirror/Star,Mirror,16,1476839,1843884
Mirror/UNBEATABLE,Mirror,16,1466949,1819159
Misery Index/Beginner,Misery Index,4,1470238,1827381
Misery Index/Easy,Misery Index,8,1459377,1800228
Misery Index/Hard,Misery Index,14,1452025,1781849
Misery Index/Normal,Misery Index,12,1455103,1789544
Misery Index/Star,Misery Index,21,1457058,1794431
Misery Index/UNBEATABLE,Misery Index,17,1465795,1816275
MOON CHILD AMIGA MIX/Beginner,Moon Child (AMIGA MIX),1,1466976,1819227
MOON CHILD AMIGA MIX/Easy,Moon Child (AMIGA MIX),5,1428490,1723012
MOON CHILD AMIGA MIX/Hard,Moon Child (AMIGA MIX),13,1435278,1739982
MOON CHILD AMIGA MIX/Normal,Moon Child (AMIGA MIX),9,1425208,1714807
MOON CHILD AMIGA MIX/Star,Moon Child (AMIGA MIX),21,1448557,1773178
MOON CHILD AMIGA MIX/UNBEATABLE,Moon Child (AMIGA MIX),19,1440735,1753624
MOON CHILD UNBEATABLE'S LOVEADELIC RPG ADVENTURE REMIX/Beginner,MOON CHILD (UNBEATABLE'S LOVEADELIC RPG ADVENTURE REMIX),3,1481026,1854352
MOON CHILD UNBEATABLE'S LOVEADELIC RPG ADVENTURE REMIX/Easy,MOON CHILD (UNBEATABLE'S LOVEADELIC RPG ADVENTURE REMIX),10,1471504,1830547
MOON CHILD UNBEATABLE'S LOVEADELIC RPG ADVENTURE REMIX/Hard,MOON CHILD (UNBEATABLE'S LOVEADELIC RPG ADVENTURE REMIX),14,1467765,1821198
MOON CHILD UNBEATABLE'S LOVEADELIC RPG ADVENTURE REMIX/Normal,MOON CHILD (UNBEATABLE'S LOVEADELIC RPG ADVENTURE REMIX),12,1465403,1815295
MOON CHILD UNBEATABLE'S LOVEADELIC RPG ADVENTURE REMIX/Star,MOON CHILD (UNBEATABLE'S LOVEADELIC RPG ADVENTURE REMIX),23,1462253,1807418
MOON CHILD UNBEATABLE'S LOVEADELIC RPG ADVENTURE REMIX/UNBEATABLE,MOON CHILD (UNBEATABLE'S LOVEADELIC RPG ADVENTURE REMIX),20,1466517,1818080
MOON CHILD WINDOWS MIX/Beginner,Moon Child (WINDOWS MIX),3,1485389,1865259
MOON CHILD WINDOWS MIX/Easy,Moon Child (WINDOWS MIX),8,1483704,1861047
MOON CHILD WINDOWS MIX/Hard,Moon Child (WINDOWS MIX),13,1479434,1850371
MOON CHILD WINDOWS MIX/Normal,Moon Child (WINDOWS MIX),11,1479838,1851382
MOON CHILD WINDOWS MIX/UNBEATABLE,Moon Child (WINDOWS MIX),18,1482500,1858035
Motherbound/Beginner,Motherbound,6,1494570,1888211
Motherbound/Easy,Motherbound,9,1497209,1894810
Motherbound/Hard,Motherbound,15,1492266,1882452
Motherbound/Normal,Motherbound,11,1486727,1868605
Motherbound/Star,Motherbound,22,1480141,1852139
Motherbound/UNBEATABLE,Motherbound,20,1492661,1883439
my universal/Beginner,MY UNIVERSAL,2,1499999,1901785
my universal/Easy,MY UNIVERSAL,7,1486826,1868852
my universal/Hard,MY UNIVERSAL,11,1486503,1868044
my universal/Normal,MY UNIVERSAL,9,1489177,1874729
my universal/UNBEATABLE,MY UNIVERSAL,16,1487444,1870396
Neo Elsewhere/Beginner,Neo Elsewhere,4,1497321,1895089
Neo Elsewhere/Easy,Neo Elsewhere,7,1495008,1889307
Neo Elsewhere/Hard,Neo Elsewhere,12,1465239,1814885
Neo Elsewhere/Normal,Neo Elsewhere,9,1497412,1895315
Neo Elsewhere/UNBEATABLE,Neo Elsewhere,16,1469818,1826333
newly human feeling/Beginner,NEWLY HUMAN FEELING (feat. Jamie Paige),2,1462955,1809175
newly human feeling/Easy,NEWLY HUMAN FEELING (feat. Jamie Paige),8,1489697,1876030
newly human feeling/Hard,NEWLY HUMAN FEELING (feat. Jamie Paige),11,1458083,1796994
newly human feeling/Normal,NEWLY HUMAN FEELING (feat. Jamie Paige),9,1472098,1832031
newly human feeling/UNBEATABLE,NEWLY HUMAN FEELING (feat. Jamie Paige),13,1450774,1778722
no eulogies/Beginner,No Eulogies,4,1459624,1800846
no eulogies/Easy,No Eulogies,9,1469219,1824834
no eulogies/Hard,No Eulogies,16,1467345,1820148
no eulogies/Normal,No Eulogies,12,1466868,1818957
no eulogies/UNBEATABLE,No Eulogies,21,1457808,1796308
NO SIGNAL/Beginner,No Signal,3,1490364,1877697
NO SIGNAL/Easy,No Signal,7,1490683,1878493
NO SIGNAL/Hard,No Signal,12,1490747,1878654
NO SIGNAL/Normal,No Signal,9,1491651,1880913
NO SIGNAL/UNBEATABLE,No Signal,16,1489662,1875942
NOISZ - Done In Love/Beginner,Done In Love (from NOISZ SL),2,1488182,1872242
NOISZ - Done In Love/Easy,Done In Love (from NOISZ SL),7,1487365,1870198
NOISZ - Done In Love/Hard,Done In Love (from NOISZ SL),14,1471011,1829313
NOISZ - Done In Love/Normal,Done In Love (from NOISZ SL),11,1477272,1844967
NOISZ - Done In Love/Star,Done In Love (from NOISZ SL),23,1490900,1879037
NOISZ - Done In Love/UNBEATABLE,Done In Love (from NOISZ SL),18,1469843,1826395
NOISZ - True/Beginner,True (from NOISZ SL),5,1486510,1868062
NOISZ - True/Easy,True (from NOISZ SL),8,1489285,1874999
NOISZ - True/Hard,True (from NOISZ SL),13,1488583,1873243
NOISZ - True/Normal,True (from NOISZ SL),10,1488583,1873243
NOISZ - True/Star,True (from NOISZ SL),23,1481079,1854484
NOISZ - True/UNBEATABLE,True (from NOISZ SL),21,1491317,1880079
NOT LOSING/Beginner,NOT LOSING,3,1494177,1887228
NOT LOSING/Easy,NOT LOSING,7,1482993,1859268
NOT LOSING/Hard,NOT LOSING,13,1473979,1836734
NOT LOSING/Normal,NOT LOSING,10,1485902,1866541
NOT LOSING/UNBEATABLE,NOT LOSING,19,1475649,1840909
nothing ever/Beginner,Nothing Ever,4,1492043,1881895
nothing ever/Easy,Nothing Ever,10,1490359,1877685
nothing ever/Hard,Nothing Ever,16,1472586,1833252
nothing ever/Normal,Nothing Ever,13,1475328,1840108
nothing ever/Star,Nothing Ever,25,1472947,1834154
nothing ever/UNBEATABLE,Nothing Ever,22,1474489,1838010
Om and On/Beginner,Om and On,5,1484962,1864191
Om and On/Easy,Om and On,9,1485979,1866735
Om and On/Hard,Om and On,15,1479958,1851682
Om and On/Normal,Om and On,12,1483630,1860863
Om and On/Star,Om and On,22,1480246,1852402
Om and On/UNBEATABLE,Om and On,20,1482024,1856848
PLASTIC HAMMER REINTRO AC/Beginner,THE ADVENTURES OF CLEF THE GREAT, THE COOLEST PERSON YOU'VE EVER MET IN YOUR ENTIRE LIFE, WHO YOU ARE ONLY A SPECK OF DUST NEXT TO IN THE GRAND SCHEME OF THINGS, FEATURING TREBLE SOMETIMES. AN-please, dear god, clef, this is not the final title of the song. we cannot put this on there. first of all, it's too long, and second of all, it's...i mean, this isn't a title. this is barely a collection of words you said out loud. UH YEAH WHY IS THAT A PROBLEM. it's...you know what, sure. yeah, okay, label guy, put this on there. literally print every word in our conversation. do you have a maximum length? you don't? what, really? we have other songs on this record. what's that g...you know what? no, it's fine. we're gonna do it. and keep this tape so that when she complains about it i can show her the evidence.,3,1490601,1878289
PLASTIC HAMMER REINTRO AC/Easy,THE ADVENTURES OF CLEF THE GREAT, THE COOLEST PERSON YOU'VE EVER MET IN YOUR ENTIRE LIFE, WHO YOU ARE ONLY A SPECK OF DUST NEXT TO IN THE GRAND SCHEME OF THINGS, FEATURING TREBLE SOMETIMES. AN-please, dear god, clef, this is not the final title of the song. we cannot put this on there. first of all, it's too long, and second of all, it's...i mean, this isn't a title. this is barely a collection of words you said out loud. UH YEAH WHY IS THAT A PROBLEM. it's...you know what, sure. yeah, okay, label guy, put this on there. literally print every word in our conversation. do you have a maximum length? you don't? what, really? we have other songs on this record. what's that g...you know what? no, it's fine. we're gonna do it. and keep this tape so that when she complains about it i can show her the evidence.,7,1481250,1854910
PLASTIC HAMMER REINTRO AC/Hard,THE ADVENTURES OF CLEF THE GREAT, THE COOLEST PERSON YOU'VE EVER MET IN YOUR ENTIRE LIFE, WHO YOU ARE ONLY A SPECK OF DUST NEXT TO IN THE GRAND SCHEME OF THINGS, FEATURING TREBLE SOMETIMES. AN-please, dear god, clef, this is not the final title of the song. we cannot put this on there. first of all, it's too long, and second of all, it's...i mean, this isn't a title. this is barely a collection of words you said out loud. UH YEAH WHY IS THAT A PROBLEM. it's...you know what, sure. yeah, okay, label guy, put this on there. literally print every word in our conversation. do you have a maximum length? you don't? what, really? we have other songs on this record. what's that g...you know what? no, it's fine. we're gonna do it. and keep this tape so that when she complains about it i can show her the evidence.,11,1466356,1817675
PLASTIC HAMMER REINTRO AC/Normal,THE ADVENTURES OF CLEF THE GREAT, THE COOLEST PERSON YOU'VE EVER MET IN YOUR ENTIRE LIFE, WHO YOU ARE ONLY A SPECK OF DUST NEXT TO IN THE GRAND SCHEME OF THINGS, FEATURING TREBLE SOMETIMES. AN-please, dear god, clef, this is not the final title of the song. we cannot put this on there. first of all, it's too long, and second of all, it's...i mean, this isn't a title. this is barely a collection of words you said out loud. UH YEAH WHY IS THAT A PROBLEM. it's...you know what, sure. yeah, okay, label guy, put this on there. literally print every word in our conversation. do you have a maximum length? you don't? what, really? we have other songs on this record. what's that g...you know what? no, it's fine. we're gonna do it. and keep this tape so that when she complains about it i can show her the evidence.,9,1476538,1843130
PLASTIC HAMMER REINTRO AC/UNBEATABLE,THE ADVENTURES OF CLEF THE GREAT, THE COOLEST PERSON YOU'VE EVER MET IN YOUR ENTIRE LIFE, WHO YOU ARE ONLY A SPECK OF DUST NEXT TO IN THE GRAND SCHEME OF THINGS, FEATURING TREBLE SOMETIMES. AN-please, dear god, clef, this is not the final title of the song. we cannot put this on there. first of all, it's too long, and second of all, it's...i mean, this isn't a title. this is barely a collection of words you said out loud. UH YEAH WHY IS THAT A PROBLEM. it's...you know what, sure. yeah, okay, label guy, put this on there. literally print every word in our conversation. do you have a maximum length? you don't? what, really? we have other songs on this record. what's that g...you know what? no, it's fine. we're gonna do it. and keep this tape so that when she complains about it i can show her the evidence.,14,1473508,1835557
PLASTIC HAMMER/Beginner,PLASTIC HAMMER,1,1499999,1901785
PLASTIC HAMMER/Easy,PLASTIC HAMMER,5,1496921,1894088
PLASTIC HAMMER/Hard,PLASTIC HAMMER,10,1488503,1873045
PLASTIC HAMMER/Normal,PLASTIC HAMMER,8,1491011,1879314
PLASTIC HAMMER/UNBEATABLE,PLASTIC HAMMER,13,1491533,1880618
PRONTO A MOLTO AC/Beginner,PRONTO A MOLTO,3,1491238,1879881
PRONTO A MOLTO AC/Easy,PRONTO A MOLTO,8,1476870,1843961
PRONTO A MOLTO AC/Hard,PRONTO A MOLTO,14,1472854,1833923
PRONTO A MOLTO AC/Normal,PRONTO A MOLTO,11,1472913,1834068
PRONTO A MOLTO AC/UNBEATABLE,PRONTO A MOLTO,21,1476585,1843250
Proper Rhythm Live/Beginner,Proper Rhythm (Live),2,1474489,1838010
Proper Rhythm Live/Easy,Proper Rhythm (Live),6,1479679,1850985
Proper Rhythm Live/Hard,Proper Rhythm (Live),12,1468934,1824120
Proper Rhythm Live/Normal,Proper Rhythm (Live),9,1464657,1813430
Proper Rhythm Live/UNBEATABLE,Proper Rhythm (Live),16,1475208,1839806
PROPER RHYTHM TUTORIAL/Beginner,Proper Rhythm (TUTORIAL),1,1486471,1867965
proper rhythm zflip/Beginner,PROPER RHYTHM (ALL THERE IS TO IT),5,1482570,1858213
proper rhythm zflip/Easy,PROPER RHYTHM (ALL THERE IS TO IT),9,1472110,1832061
proper rhythm zflip/Hard,PROPER RHYTHM (ALL THERE IS TO IT),15,1459348,1800156
proper rhythm zflip/Normal,PROPER RHYTHM (ALL THERE IS TO IT),12,1464812,1813816
proper rhythm zflip/Star,PROPER RHYTHM (ALL THERE IS TO IT),24,1467706,1821051
proper rhythm zflip/UNBEATABLE,PROPER RHYTHM (ALL THERE IS TO IT),21,1463264,1809945
PROPERRHYTHM BOOTLEG/Beginner,proper rhythm bootleg,4,1489697,1876030
PROPERRHYTHM BOOTLEG/Easy,proper rhythm bootleg,8,1480519,1853084
PROPERRHYTHM BOOTLEG/Hard,proper rhythm bootleg,15,1484314,1862572
PROPERRHYTHM BOOTLEG/Normal,proper rhythm bootleg,12,1479272,1849968
PROPERRHYTHM BOOTLEG/Star,proper rhythm bootleg,24,1473089,1834508
PROPERRHYTHM BOOTLEG/UNBEATABLE,proper rhythm bootleg,20,1476084,1841996
PROPERRHYTHM MUST DIE/Beginner,Proper Rhythm - (MUST DIE! Remix),3,1459821,1801339
PROPERRHYTHM MUST DIE/Easy,Proper Rhythm - (MUST DIE! Remix),8,1447006,1769302
PROPERRHYTHM MUST DIE/Hard,Proper Rhythm - (MUST DIE! Remix),13,1472031,1831863
PROPERRHYTHM MUST DIE/Normal,Proper Rhythm - (MUST DIE! Remix),9,1477457,1845429
PROPERRHYTHM MUST DIE/Star,Proper Rhythm - (MUST DIE! Remix),20,1465909,1816558
PROPERRHYTHM MUST DIE/UNBEATABLE,Proper Rhythm - (MUST DIE! Remix),17,1475158,1839681
PROPERRHYTHM/Beginner,Proper Rhythm,1,1500000,1901785
PROPERRHYTHM/Easy,Proper Rhythm,4,1479910,1851562
PROPERRHYTHM/Hard,Proper Rhythm,10,1484742,1863641
PROPERRHYTHM/Normal,Proper Rhythm,7,1485182,1864741
PROPERRHYTHM/Star,Proper Rhythm,18,1452271,1782463
PROPERRHYTHM/UNBEATABLE,Proper Rhythm,15,1443490,1760510
rest v beat part 1/Beginner,STRICKEN,6,1500000,1901785
rest v beat part 1/Easy,STRICKEN,8,1496428,1892857
rest v beat part 1/Hard,STRICKEN,15,1498199,1897283
rest v beat part 1/Normal,STRICKEN,11,1497514,1895571
rest v beat part 1/UNBEATABLE,STRICKEN,20,1485748,1866156
RETUNED AC/Beginner,RE-TUNED,1,1494177,1887228
RETUNED AC/Easy,RE-TUNED,7,1490906,1879050
RETUNED AC/Hard,RE-TUNED,15,1468749,1823660
RETUNED AC/Normal,RE-TUNED,12,1480098,1852033
RETUNED AC/Star,RE-TUNED,24,1477901,1846538
RETUNED AC/UNBEATABLE,RE-TUNED,20,1474161,1837189
rot for clout/Beginner,ROT FOR CLOUT,3,1483488,1860506
rot for clout/Easy,ROT FOR CLOUT,9,1474751,1838663
rot for clout/Hard,ROT FOR CLOUT,16,1472814,1833821
rot for clout/Normal,ROT FOR CLOUT,12,1474753,1838669
rot for clout/UNBEATABLE,ROT FOR CLOUT,20,1457399,1795284
SILENT SPIRAL AC/Beginner,Silent Spiral,4,1464285,1812499
SILENT SPIRAL AC/Easy,Silent Spiral,8,1465363,1815193
SILENT SPIRAL AC/Hard,Silent Spiral,14,1456563,1793194
SILENT SPIRAL AC/Normal,Silent Spiral,11,1468243,1822395
SILENT SPIRAL AC/UNBEATABLE,Silent Spiral,21,1474465,1837950
sleeping in jp remix/Beginner,SLEEPING IN (Jamie Paige Remix),4,1492092,1882017
sleeping in jp remix/Easy,SLEEPING IN (Jamie Paige Remix),8,1479452,1850415
sleeping in jp remix/Hard,SLEEPING IN (Jamie Paige Remix),14,1464885,1814000
sleeping in jp remix/Normal,SLEEPING IN (Jamie Paige Remix),12,1471042,1829391
sleeping in jp remix/Star,SLEEPING IN (Jamie Paige Remix),22,1465630,1815861
sleeping in jp remix/UNBEATABLE,SLEEPING IN (Jamie Paige Remix),19,1465731,1816113
Sleeping In/Beginner,sleeping in,2,1499999,1901785
Sleeping In/Easy,sleeping in,5,1496118,1892080
Sleeping In/Hard,sleeping in,14,1492472,1882966
Sleeping In/Normal,sleeping in,11,1499999,1901785
Sleeping In/UNBEATABLE,sleeping in,18,1492346,1882653
Small Cloud Sugar Candy/Beginner,Small Cloud Sugar Candy,7,1494047,1886904
Small Cloud Sugar Candy/Easy,Small Cloud Sugar Candy,11,1454714,1788572
Small Cloud Sugar Candy/Hard,Small Cloud Sugar Candy,17,1457279,1794984
Small Cloud Sugar Candy/Normal,Small Cloud Sugar Candy,12,1450148,1777157
Small Cloud Sugar Candy/Star,Small Cloud Sugar Candy,25,1467576,1820727
Small Cloud Sugar Candy/UNBEATABLE,Small Cloud Sugar Candy,22,1463208,1809806
square up synthetic/Beginner,SQUARE UP (Synthetic),4,1498552,1898166
square up synthetic/Easy,SQUARE UP (Synthetic),8,1497356,1895177
square up synthetic/Hard,SQUARE UP (Synthetic),12,1487223,1869845
square up synthetic/Normal,SQUARE UP (Synthetic),11,1492139,1882134
square up synthetic/UNBEATABLE,SQUARE UP (Synthetic),18,1484883,1863995
SQUARE UP/Beginner,SQUARE UP,4,1494390,1887761
SQUARE UP/Easy,SQUARE UP,8,1489563,1875695
SQUARE UP/Hard,SQUARE UP,12,1486761,1868689
SQUARE UP/Normal,SQUARE UP,11,1489507,1875555
SQUARE UP/UNBEATABLE,SQUARE UP,18,1484387,1862755
Stolen/Beginner,Stolen,2,1500000,1901785
Stolen/Easy,Stolen,7,1497890,1896512
Stolen/Hard,Stolen,13,1487567,1870705
Stolen/Normal,Stolen,10,1498001,1896788
Stolen/UNBEATABLE,Stolen,18,1491193,1879770
SWING/Star,Ş̸̫̬̞͇̪̖̭̞̯̗̖͐̀ͅW̷̢̛͍̠̤̜͉̺̟̥͕͐́͒̿̔̕͘͘I̶͇̘̯̍̽͘N̵̢̨̨̬̘̞͎͔̈́̈́͊̏̒̿̎̕͜͝͝ͅG,23,1483945,1861649
True - Full/Beginner,True (Full Version),2,1488567,1873203
True - Full/Easy,True (Full Version),6,1487383,1870244
True - Full/Hard,True (Full Version),13,1490259,1877435
True - Full/Normal,True (Full Version),9,1479809,1851310
True - Full/Star,True (Full Version),22,1491666,1880952
True - Full/UNBEATABLE,True (Full Version),18,1489422,1875342
turn back/Beginner,TURN BACK,5,1498776,1898727
turn back/Easy,TURN BACK,8,1498985,1899249
turn back/Hard,TURN BACK,13,1494047,1886904
turn back/Normal,TURN BACK,10,1499113,1899568
turn back/Star,TURN BACK,19,1488839,1873883
turn back/UNBEATABLE,TURN BACK,16,1496249,1892410
Twist Sound/Beginner,Twist Sound,4,1478520,1848087
Twist Sound/Easy,Twist Sound,7,1475923,1841593
Twist Sound/Hard,Twist Sound,14,1478157,1847179
Twist Sound/Normal,Twist Sound,9,1476572,1843216
Twist Sound/Star,Twist Sound,19,1480204,1852297
Twist Sound/UNBEATABLE,Twist Sound,17,1479665,1850949
WAITING LIVE/Beginner,Waiting (Live),2,1497730,1896110
WAITING LIVE/Easy,Waiting (Live),5,1494642,1888392
WAITING LIVE/Hard,Waiting (Live),10,1488193,1872269
WAITING LIVE/Normal,Waiting (Live),8,1489246,1874902
WAITING LIVE/UNBEATABLE,Waiting (Live),14,1484815,1863824
Waiting Lumena/Beginner,WAITING - Lumena-Tan Remix,1,1499999,1901785
Waiting Lumena/Easy,WAITING - Lumena-Tan Remix,4,1487824,1871347
Waiting Lumena/Hard,WAITING - Lumena-Tan Remix,14,1487940,1871635
Waiting Lumena/Normal,WAITING - Lumena-Tan Remix,7,1482755,1858675
Waiting Lumena/Star,WAITING - Lumena-Tan Remix,19,1490577,1878230
Waiting Lumena/UNBEATABLE,WAITING - Lumena-Tan Remix,19,1492490,1883010
Waiting/Beginner,Waiting,2,1489426,1875352
Waiting/Easy,Waiting,5,1492383,1882743
Waiting/Hard,Waiting,10,1483358,1860180
Waiting/Normal,Waiting,8,1489776,1876226
Waiting/Star,Waiting,21,1482606,1858302
Waiting/UNBEATABLE,Waiting,14,1490057,1876929
WAR DEN AC/Beginner,WAR DEN,5,1479860,1851436
WAR DEN AC/Easy,WAR DEN,9,1478896,1849025
WAR DEN AC/Hard,WAR DEN,15,1482366,1857702
WAR DEN AC/Normal,WAR DEN,12,1474775,1838725
WAR DEN AC/UNBEATABLE,WAR DEN,20,1487030,1869360
WAY BACK WHEN/Beginner,WAY BACK WHEN,3,1489870,1876463
WAY BACK WHEN/Easy,WAY BACK WHEN,8,1488839,1873883
WAY BACK WHEN/Hard,WAY BACK WHEN,14,1485692,1866015
WAY BACK WHEN/Normal,WAY BACK WHEN,11,1486471,1867965
WAY BACK WHEN/UNBEATABLE,WAY BACK WHEN,20,1457795,1796273
Welcome to Slamtown/Beginner,Welcome to Slamtown,2,1499999,1901785
Welcome to Slamtown/Easy,Welcome to Slamtown,7,1487885,1871500
Welcome to Slamtown/Hard,Welcome to Slamtown,13,1492857,1883928
Welcome to Slamtown/Normal,Welcome to Slamtown,10,1492063,1881944
Welcome to Slamtown/UNBEATABLE,Welcome to Slamtown,19,1488839,1873883
women wrestling emoji/Beginner,Women Wrestling Emoji,5,1499999,1901785
women wrestling emoji/Easy,Women Wrestling Emoji,9,1497758,1896181
women wrestling emoji/Hard,Women Wrestling Emoji,15,1486090,1867011
women wrestling emoji/Normal,Women Wrestling Emoji,12,1494666,1888452
women wrestling emoji/UNBEATABLE,Women Wrestling Emoji,18,1479456,1850426
WORNOUTTAPES/Beginner,Worn Out Tapes [tally-ho! version],5,1494396,1887776
WORNOUTTAPES/Easy,Worn Out Tapes [tally-ho! version],7,1496368,1892705
WORNOUTTAPES/Hard,Worn Out Tapes [tally-ho! version],14,1485521,1865588
WORNOUTTAPES/Normal,Worn Out Tapes [tally-ho! version],11,1492090,1882012
WORNOUTTAPES/Star,Worn Out Tapes [tally-ho! version],25,1494736,1888626
WORNOUTTAPES/UNBEATABLE,Worn Out Tapes [tally-ho! version],20,1483351,1860165
WOT ROCK/Beginner,WORN OUT TAPES,3,1498086,1897002
WOT ROCK/Easy,WORN OUT TAPES,6,1492559,1883184
WOT ROCK/Hard,WORN OUT TAPES,13,1484869,1863960
WOT ROCK/Normal,WORN OUT TAPES,9,1490792,1878766
WOT ROCK/UNBEATABLE,WORN OUT TAPES,16,1479932,1851616
yeahx6/Beginner,YEAH YEAH YEAH YEAH YEAH YEAH YEAH YEAH,2,1488354,1872670
yeahx6/Easy,YEAH YEAH YEAH YEAH YEAH YEAH YEAH YEAH,7,1480304,1852547
yeahx6/Hard,YEAH YEAH YEAH YEAH YEAH YEAH YEAH YEAH,13,1489461,1875439
yeahx6/Normal,YEAH YEAH YEAH YEAH YEAH YEAH YEAH YEAH,10,1480654,1853422
yeahx6/Star,YEAH YEAH YEAH YEAH YEAH YEAH YEAH YEAH,20,1489716,1876077
yeahx6/UNBEATABLE,YEAH YEAH YEAH YEAH YEAH YEAH YEAH YEAH,18,1487424,1870347
yeahx6radio/Beginner,YEAH YEAH YEAH YEAH YEAH YEAH YEAH YEAH [Trailer Edit],2,1486607,1868303
yeahx6radio/Easy,YEAH YEAH YEAH YEAH YEAH YEAH YEAH YEAH [Trailer Edit],7,1486007,1866804
yeahx6radio/Hard,YEAH YEAH YEAH YEAH YEAH YEAH YEAH YEAH [Trailer Edit],13,1485666,1865951
yeahx6radio/Normal,YEAH YEAH YEAH YEAH YEAH YEAH YEAH YEAH [Trailer Edit],11,1489844,1876396
yeahx6radio/UNBEATABLE,YEAH YEAH YEAH YEAH YEAH YEAH YEAH YEAH [Trailer Edit],21,1490192,1877267
ZERO MOMENT AC/Beginner,ZERO MOMENT,4,1494177,1887228
ZERO MOMENT AC/Easy,ZERO MOMENT,8,1488290,1872511
ZERO MOMENT AC/Hard,ZERO MOMENT,15,1481276,1854975
ZERO MOMENT AC/Normal,ZERO MOMENT,11,1490495,1878024
ZERO MOMENT AC/Star,ZERO MOMENT,25,1481653,1855919
ZERO MOMENT AC/UNBEATABLE,ZERO MOMENT,22,1482347,1857654
